<?xml version="1.0" encoding="UTF-8"?>
<project-private xmlns="http://www.netbeans.org/ns/project-private/1">
    <editor-bookmarks xmlns="http://www.netbeans.org/ns/editor-bookmarks/2" lastBookmarkId="1">
        <file>
            <url>src/javafxtest/JavaFXtest.java</url>
            <bookmark id="1">
                <name/>
                <line>0</line>
                <key/>
            </bookmark>
        </file>
    </editor-bookmarks>
    <open-files xmlns="http://www.netbeans.org/ns/projectui-open-files/2">
        <group>
            <file>file:/F:/Group%20Project/JavaFXtest/src/javafxtest/FXMLDocument.fxml</file>
            <file>file:/F:/Group%20Project/JavaFXtest/src/javafxtest/JavaFXtest.java</file>
            <file>file:/F:/Group%20Project/JavaFXtest/src/javafxtest/FXMLDocumentController.java</file>
        </group>
    </open-files>
</project-private>
