<?xml version="1.0" encoding="UTF-8"?>
<project-private xmlns="http://www.netbeans.org/ns/project-private/1">
    <editor-bookmarks xmlns="http://www.netbeans.org/ns/editor-bookmarks/2" lastBookmarkId="0"/>
    <open-files xmlns="http://www.netbeans.org/ns/projectui-open-files/2">
        <group>
            <file>file:/C:/Users/Iphone/Documents/NetBeansProjects/DSAD/src/dsad/TEA.java</file>
            <file>file:/C:/Users/Iphone/Documents/NetBeansProjects/DSAD/src/dsad/Encode.java</file>
            <file>file:/C:/Users/Iphone/Documents/NetBeansProjects/DSAD/src/dsad/DSAD.java</file>
            <file>file:/C:/Users/Iphone/Documents/NetBeansProjects/DSAD/src/dsad/profileGenerator.java</file>
        </group>
    </open-files>
</project-private>
